,pre
1891-01-01,115.52187
1891-02-01,117.32214
1891-03-01,125.22755
1891-04-01,113.85299
1891-05-01,115.26453
1891-06-01,111.117226
1891-07-01,119.21631
1891-08-01,117.175
1891-09-01,114.50906
1891-10-01,112.80257
1891-11-01,109.79886
1891-12-01,119.51436
1892-01-01,129.72765
1892-02-01,113.30817
1892-03-01,126.95784
1892-04-01,119.24551
1892-05-01,115.49365
1892-06-01,114.92457
1892-07-01,118.4178
1892-08-01,121.318695
1892-09-01,116.849236
1892-10-01,117.1524
1892-11-01,108.58886
1892-12-01,121.12005
1893-01-01,126.257645
1893-02-01,114.30165
1893-03-01,124.3258
1893-04-01,116.19097
1893-05-01,116.8816
1893-06-01,115.76493
1893-07-01,121.34001
1893-08-01,124.17158
1893-09-01,113.8072
1893-10-01,116.054
1893-11-01,115.043755
1893-12-01,124.02799
1894-01-01,133.31569
1894-02-01,119.81837
1894-03-01,127.23574
1894-04-01,118.09185
1894-05-01,110.8967
1894-06-01,119.43853
1894-07-01,121.827896
1894-08-01,119.887375
1894-09-01,117.73057
1894-10-01,117.25104
1894-11-01,113.05484
1894-12-01,122.36901
1895-01-01,131.9065
1895-02-01,117.42364
1895-03-01,126.60878
1895-04-01,116.58474
1895-05-01,116.7193
1895-06-01,111.92108
1895-07-01,122.40472
1895-08-01,120.39415
1895-09-01,113.702065
1895-10-01,114.45618
1895-11-01,108.724304
1895-12-01,121.15793
1896-01-01,130.55458
1896-02-01,121.9925
1896-03-01,125.71057
1896-04-01,113.680504
1896-05-01,110.311806
1896-06-01,115.99558
1896-07-01,118.02997
1896-08-01,118.568275
1896-09-01,110.02534
1896-10-01,107.41761
1896-11-01,113.00373
1896-12-01,119.4806
1897-01-01,125.86372
1897-02-01,118.77754
1897-03-01,121.31845
1897-04-01,112.41149
1897-05-01,115.37638
1897-06-01,113.00944
1897-07-01,118.37518
1897-08-01,123.82579
1897-09-01,116.48669
1897-10-01,113.07501
1897-11-01,107.20048
1897-12-01,125.57966
1898-01-01,126.11296
1898-02-01,120.84935
1898-03-01,126.117035
1898-04-01,117.93486
1898-05-01,110.03591
1898-06-01,113.09197
1898-07-01,122.95337
1898-08-01,121.56603
1898-09-01,115.815315
1898-10-01,110.6665
1898-11-01,111.462944
1898-12-01,126.496765
1899-01-01,130.055
1899-02-01,113.92524
1899-03-01,132.63339
1899-04-01,119.611244
1899-05-01,111.81854
1899-06-01,112.0674
1899-07-01,114.81794
1899-08-01,116.695175
1899-09-01,112.4867
1899-10-01,111.41192
1899-11-01,106.088036
1899-12-01,117.75876
1900-01-01,126.06416
1900-02-01,110.32767
1900-03-01,124.35039
1900-04-01,115.391174
1900-05-01,112.452194
1900-06-01,113.75917
1900-07-01,122.89333
1900-08-01,119.766594
1900-09-01,115.92227
1900-10-01,107.99851
1900-11-01,109.36908
1900-12-01,115.505196
1901-01-01,123.14587
1901-02-01,123.10386
1901-03-01,131.80133
1901-04-01,115.58897
1901-05-01,114.51657
1901-06-01,115.39517
1901-07-01,123.79676
1901-08-01,121.992165
1901-09-01,109.96022
1901-10-01,112.171074
1901-11-01,111.53245
1901-12-01,117.4402
1902-01-01,128.76157
1902-02-01,117.52447
1902-03-01,124.52591
1902-04-01,112.00448
1902-05-01,111.08728
1902-06-01,103.59134
1902-07-01,115.40174
1902-08-01,114.11832
1902-09-01,109.92458
1902-10-01,105.6144
1902-11-01,104.83922
1902-12-01,118.61225
1903-01-01,121.99152
1903-02-01,113.050865
1903-03-01,126.58257
1903-04-01,112.07733
1903-05-01,113.722404
1903-06-01,110.00669
1903-07-01,123.326546
1903-08-01,124.81402
1903-09-01,117.29993
1903-10-01,115.177444
1903-11-01,108.04904
1903-12-01,127.91293
1904-01-01,135.19194
1904-02-01,117.078064
1904-03-01,126.847
1904-04-01,117.61404
1904-05-01,114.087395
1904-06-01,115.19273
1904-07-01,120.3436
1904-08-01,113.73677
1904-09-01,111.1163
1904-10-01,114.208755
1904-11-01,106.78216
1904-12-01,123.015495
1905-01-01,121.883545
1905-02-01,111.26157
1905-03-01,116.48866
1905-04-01,113.91708
1905-05-01,113.57753
1905-06-01,107.2714
1905-07-01,117.74949
1905-08-01,116.01388
1905-09-01,115.20571
1905-10-01,110.52382
1905-11-01,107.865204
1905-12-01,110.88606
1906-01-01,128.52864
1906-02-01,116.242004
1906-03-01,124.663055
1906-04-01,114.684044
1906-05-01,114.649345
1906-06-01,114.896614
1906-07-01,118.10341
1906-08-01,123.5566
1906-09-01,118.02252
1906-10-01,114.67515
1906-11-01,109.064026
1906-12-01,130.32117
1907-01-01,123.96901
1907-02-01,120.45684
1907-03-01,124.44457
1907-04-01,114.92611
1907-05-01,112.69932
1907-06-01,111.400085
1907-07-01,113.85735
1907-08-01,115.22149
1907-09-01,107.66373
1907-10-01,108.11393
1907-11-01,110.39447
1907-12-01,128.02884
1908-01-01,119.214264
1908-02-01,122.35802
1908-03-01,121.98732
1908-04-01,115.09935
1908-05-01,117.084496
1908-06-01,112.00277
1908-07-01,124.0024
1908-08-01,125.427155
1908-09-01,119.398476
1908-10-01,113.234604
1908-11-01,114.51059
1908-12-01,123.840385
1909-01-01,127.97509
1909-02-01,115.62616
1909-03-01,125.87601
1909-04-01,118.8152
1909-05-01,114.07582
1909-06-01,120.91776
1909-07-01,124.25266
1909-08-01,126.89661
1909-09-01,117.975006
1909-10-01,114.28592
1909-11-01,113.566315
1909-12-01,119.41676
1910-01-01,127.40411
1910-02-01,119.254036
1910-03-01,128.1995
1910-04-01,119.06067
1910-05-01,116.47282
1910-06-01,118.04484
1910-07-01,117.90433
1910-08-01,129.40704
1910-09-01,124.89337
1910-10-01,116.09237
1910-11-01,115.0667
1910-12-01,125.12634
1911-01-01,125.17852
1911-02-01,114.25972
1911-03-01,119.96225
1911-04-01,112.709335
1911-05-01,115.331955
1911-06-01,110.290436
1911-07-01,111.887054
1911-08-01,109.866554
1911-09-01,107.03482
1911-10-01,106.97338
1911-11-01,106.881
1911-12-01,116.0883
1912-01-01,124.14818
1912-02-01,122.60739
1912-03-01,119.78877
1912-04-01,108.29123
1912-05-01,106.89396
1912-06-01,114.16151
1912-07-01,121.082695
1912-08-01,118.6016
1912-09-01,105.90607
1912-10-01,109.758354
1912-11-01,114.18262
1912-12-01,117.06552
1913-01-01,126.414825
1913-02-01,119.796135
1913-03-01,132.3386
1913-04-01,118.28868
1913-05-01,120.38383
1913-06-01,114.44054
1913-07-01,119.05249
1913-08-01,112.59769
1913-09-01,104.35633
1913-10-01,104.00442
1913-11-01,102.18098
1913-12-01,117.64722
1914-01-01,130.83688
1914-02-01,111.37922
1914-03-01,117.94816
1914-04-01,107.520706
1914-05-01,110.240875
1914-06-01,113.245735
1914-07-01,111.863106
1914-08-01,111.2175
1914-09-01,104.65462
1914-10-01,100.64648
1914-11-01,101.716034
1914-12-01,116.58143
1915-01-01,119.965355
1915-02-01,103.32133
1915-03-01,113.41612
1915-04-01,105.363655
1915-05-01,113.42145
1915-06-01,112.84371
1915-07-01,114.54221
1915-08-01,112.86473
1915-09-01,117.37608
1915-10-01,112.9204
1915-11-01,113.187965
1915-12-01,121.47475
1916-01-01,132.02649
1916-02-01,110.85783
1916-03-01,129.31372
1916-04-01,116.2746
1916-05-01,113.032936
1916-06-01,118.02044
1916-07-01,125.075134
1916-08-01,128.10634
1916-09-01,128.30441
1916-10-01,126.07722
1916-11-01,119.236916
1916-12-01,131.51877
1917-01-01,134.7739
1917-02-01,120.93214
1917-03-01,133.53342
1917-04-01,113.85944
1917-05-01,117.0249
1917-06-01,114.49879
1917-07-01,119.33532
1917-08-01,132.83888
1917-09-01,124.021324
1917-10-01,122.57494
1917-11-01,117.806435
1917-12-01,125.540085
1918-01-01,140.43103
1918-02-01,119.471275
1918-03-01,120.908554
1918-04-01,111.23578
1918-05-01,122.66525
1918-06-01,115.53857
1918-07-01,105.14483
1918-08-01,118.35889
1918-09-01,102.140686
1918-10-01,100.21084
1918-11-01,104.939316
1918-12-01,115.31155
1919-01-01,123.05864
1919-02-01,114.58003
1919-03-01,114.12063
1919-04-01,109.16445
1919-05-01,114.32673
1919-06-01,111.018265
1919-07-01,119.775
1919-08-01,113.846275
1919-09-01,109.6556
1919-10-01,102.037285
1919-11-01,109.18384
1919-12-01,115.41584
1920-01-01,123.31132
1920-02-01,108.49532
1920-03-01,127.02041
1920-04-01,115.29306
1920-05-01,108.58795
1920-06-01,109.67929
1920-07-01,117.33254
1920-08-01,116.12192
1920-09-01,115.093864
1920-10-01,112.91952
1920-11-01,113.92192
1920-12-01,119.964714
1921-01-01,131.10956
1921-02-01,121.5277
1921-03-01,134.85284
1921-04-01,115.74955
1921-05-01,113.9664
1921-06-01,112.5778
1921-07-01,124.021904
1921-08-01,118.85815
1921-09-01,119.861
1921-10-01,117.04166
1921-11-01,117.42882
1921-12-01,119.9017
1922-01-01,119.601875
1922-02-01,116.00918
1922-03-01,128.51936
1922-04-01,112.28369
1922-05-01,112.57732
1922-06-01,110.96285
1922-07-01,116.16058
1922-08-01,118.58269
1922-09-01,119.278305
1922-10-01,116.751564
1922-11-01,117.66518
1922-12-01,120.393936
1923-01-01,132.4629
1923-02-01,120.06522
1923-03-01,132.57816
1923-04-01,115.71295
1923-05-01,110.97602
1923-06-01,113.045456
1923-07-01,125.36135
1923-08-01,116.71985
1923-09-01,102.997345
1923-10-01,107.736
1923-11-01,102.116486
1923-12-01,116.923
1924-01-01,119.50055
1924-02-01,119.105385
1924-03-01,132.84319
1924-04-01,117.905304
1924-05-01,113.67191
1924-06-01,118.18292
1924-07-01,122.35264
1924-08-01,124.15664
1924-09-01,117.701584
1924-10-01,120.90596
1924-11-01,121.2424
1924-12-01,124.239914
1925-01-01,131.50401
1925-02-01,119.03933
1925-03-01,130.37634
1925-04-01,118.75845
1925-05-01,107.23461
1925-06-01,116.792496
1925-07-01,111.42103
1925-08-01,120.020515
1925-09-01,110.80895
1925-10-01,107.68088
1925-11-01,111.43524
1925-12-01,115.94356
1926-01-01,133.39467
1926-02-01,114.134415
1926-03-01,128.06125
1926-04-01,112.07622
1926-05-01,111.706726
1926-06-01,109.91973
1926-07-01,119.88494
1926-08-01,124.16867
1926-09-01,120.552185
1926-10-01,110.94148
1926-11-01,109.02309
1926-12-01,128.4065
1927-01-01,129.05093
1927-02-01,115.29499
1927-03-01,124.52946
1927-04-01,116.86706
1927-05-01,115.92149
1927-06-01,116.50179
1927-07-01,126.79387
1927-08-01,119.98446
1927-09-01,115.86151
1927-10-01,116.944244
1927-11-01,110.69985
1927-12-01,121.63823
1928-01-01,120.491615
1928-02-01,120.53997
1928-03-01,130.12364
1928-04-01,118.44068
1928-05-01,109.33064
1928-06-01,108.46286
1928-07-01,117.2316
1928-08-01,124.58296
1928-09-01,106.15929
1928-10-01,109.64357
1928-11-01,111.84176
1928-12-01,119.82389
1929-01-01,129.0437
1929-02-01,120.09485
1929-03-01,129.50032
1929-04-01,111.7028
1929-05-01,111.51025
1929-06-01,117.48892
1929-07-01,119.53441
1929-08-01,120.630745
1929-09-01,115.57868
1929-10-01,108.79067
1929-11-01,105.325264
1929-12-01,123.925674
1930-01-01,124.52244
1930-02-01,114.09796
1930-03-01,126.21209
1930-04-01,115.91991
1930-05-01,114.50604
1930-06-01,112.64084
1930-07-01,108.1661
1930-08-01,101.97711
1930-09-01,104.98137
1930-10-01,112.487236
1930-11-01,102.18409
1930-12-01,118.84808
1931-01-01,124.10639
1931-02-01,109.62807
1931-03-01,123.57943
1931-04-01,113.6631
1931-05-01,117.26247
1931-06-01,112.94416
1931-07-01,124.02763
1931-08-01,120.92201
1931-09-01,122.62204
1931-10-01,117.639725
1931-11-01,110.569725
1931-12-01,123.18558
1932-01-01,126.68147
1932-02-01,110.60182
1932-03-01,127.27267
1932-04-01,111.42334
1932-05-01,119.022736
1932-06-01,109.1338
1932-07-01,124.223495
1932-08-01,117.39324
1932-09-01,114.23733
1932-10-01,115.9009
1932-11-01,109.787796
1932-12-01,125.40304
1933-01-01,126.35927
1933-02-01,116.50545
1933-03-01,129.15608
1933-04-01,116.42462
1933-05-01,115.39595
1933-06-01,119.17695
1933-07-01,125.28025
1933-08-01,130.93863
1933-09-01,124.15988
1933-10-01,114.27308
1933-11-01,121.70422
1933-12-01,128.9856
1934-01-01,129.88274
1934-02-01,117.995384
1934-03-01,131.77013
1934-04-01,113.729
1934-05-01,110.00617
1934-06-01,121.69865
1934-07-01,128.42188
1934-08-01,129.7615
1934-09-01,118.08605
1934-10-01,115.82548
1934-11-01,119.442894
1934-12-01,120.54878
1935-01-01,123.72241
1935-02-01,113.36694
1935-03-01,128.38736
1935-04-01,113.60417
1935-05-01,120.4863
1935-06-01,119.573166
1935-07-01,120.5435
1935-08-01,122.50052
1935-09-01,113.141174
1935-10-01,116.15339
1935-11-01,112.61976
1935-12-01,112.34268
1936-01-01,126.69231
1936-02-01,116.63641
1936-03-01,131.31961
1936-04-01,115.74779
1936-05-01,122.67957
1936-06-01,121.80258
1936-07-01,120.940636
1936-08-01,120.70565
1936-09-01,114.93108
1936-10-01,110.08467
1936-11-01,109.633156
1936-12-01,118.84722
1937-01-01,135.6253
1937-02-01,114.966995
1937-03-01,125.65031
1937-04-01,121.269455
1937-05-01,118.66857
1937-06-01,108.582886
1937-07-01,129.60652
1937-08-01,121.08569
1937-09-01,117.21487
1937-10-01,113.15347
1937-11-01,104.76972
1937-12-01,122.572876
1938-01-01,126.84794
1938-02-01,114.93373
1938-03-01,118.471214
1938-04-01,115.64618
1938-05-01,117.5292
1938-06-01,114.95829
1938-07-01,120.23737
1938-08-01,123.273346
1938-09-01,121.81104
1938-10-01,115.951904
1938-11-01,120.50479
1938-12-01,125.67157
1939-01-01,132.05002
1939-02-01,121.389435
1939-03-01,135.99663
1939-04-01,117.90578
1939-05-01,118.11553
1939-06-01,112.26283
1939-07-01,119.31264
1939-08-01,118.251335
1939-09-01,119.4713
1939-10-01,109.857635
1939-11-01,114.681625
1939-12-01,114.18458
1940-01-01,130.2894
1940-02-01,122.48807
1940-03-01,127.18077
1940-04-01,109.52007
1940-05-01,118.201004
1940-06-01,110.58916
1940-07-01,108.63187
1940-08-01,125.55296
1940-09-01,102.2735
1940-10-01,100.47295
1940-11-01,105.00064
1940-12-01,108.074356
1941-01-01,121.25926
1941-02-01,107.43766
1941-03-01,122.35799
1941-04-01,109.87255
1941-05-01,115.10895
1941-06-01,106.16574
1941-07-01,103.26748
1941-08-01,107.58137
1941-09-01,103.65882
1941-10-01,100.02708
1941-11-01,113.31883
1941-12-01,120.18386
1942-01-01,121.93081
1942-02-01,113.90066
1942-03-01,120.97099
1942-04-01,117.24683
1942-05-01,119.42061
1942-06-01,108.56109
1942-07-01,119.26176
1942-08-01,125.11844
1942-09-01,109.56356
1942-10-01,111.71726
1942-11-01,109.47335
1942-12-01,131.18765
1943-01-01,132.28482
1943-02-01,122.6769
1943-03-01,131.9497
1943-04-01,115.660194
1943-05-01,115.06507
1943-06-01,110.29552
1943-07-01,117.58575
1943-08-01,118.618744
1943-09-01,114.65376
1943-10-01,113.072296
1943-11-01,110.92488
1943-12-01,120.080734
1944-01-01,121.53077
1944-02-01,123.04569
1944-03-01,131.4457
1944-04-01,110.66244
1944-05-01,106.43161
1944-06-01,110.92019
1944-07-01,118.90821
1944-08-01,119.72674
1944-09-01,113.185074
1944-10-01,116.65671
1944-11-01,107.39792
1944-12-01,122.18669
1945-01-01,128.15242
1945-02-01,117.32721
1945-03-01,129.53694
1945-04-01,106.53101
1945-05-01,115.844604
1945-06-01,106.41313
1945-07-01,119.050735
1945-08-01,121.63235
1945-09-01,118.036156
1945-10-01,114.14143
1945-11-01,109.007675
1945-12-01,122.43049
1946-01-01,128.63649
1946-02-01,114.101295
1946-03-01,119.427956
1946-04-01,110.43065
1946-05-01,110.42259
1946-06-01,107.03445
1946-07-01,113.21231
1946-08-01,121.71908
1946-09-01,111.32435
1946-10-01,108.13376
1946-11-01,113.23703
1946-12-01,123.20613
1947-01-01,119.34681
1947-02-01,118.48761
1947-03-01,138.56859
1947-04-01,119.792366
1947-05-01,113.232475
1947-06-01,112.65917
1947-07-01,123.08803
1947-08-01,129.27069
1947-09-01,123.69841
1947-10-01,113.90299
1947-11-01,105.606834
1947-12-01,121.70369
1948-01-01,125.64425
1948-02-01,119.438705
1948-03-01,127.47384
1948-04-01,115.50024
1948-05-01,109.50366
1948-06-01,115.7928
1948-07-01,118.39108
1948-08-01,114.11861
1948-09-01,110.6689
1948-10-01,109.95146
1948-11-01,112.39954
1948-12-01,114.29662
1949-01-01,115.8696
1949-02-01,117.81831
1949-03-01,124.666275
1949-04-01,114.35551
1949-05-01,123.76767
1949-06-01,116.06399
1949-07-01,120.62239
1949-08-01,122.3226
1949-09-01,119.519066
1949-10-01,120.31741
1949-11-01,109.929886
1949-12-01,117.84796
1950-01-01,134.13211
1950-02-01,119.9439
1950-03-01,134.05327
1950-04-01,114.930954
1950-05-01,112.80228
1950-06-01,114.49461
1950-07-01,128.0227
1950-08-01,130.69402
1950-09-01,118.19308
1950-10-01,121.244865
1950-11-01,110.17675
1950-12-01,129.79982
1951-01-01,126.8393
1951-02-01,114.95083
1951-03-01,123.68826
1951-04-01,103.71529
1951-05-01,115.74752
1951-06-01,112.929245
1951-07-01,118.67567
1951-08-01,114.03621
1951-09-01,115.63864
1951-10-01,117.16315
1951-11-01,110.04548
1951-12-01,117.74806
1952-01-01,124.551865
1952-02-01,123.84351
1952-03-01,120.20128
1952-04-01,111.44867
1952-05-01,113.24609
1952-06-01,111.80504
1952-07-01,123.04767
1952-08-01,125.385086
1952-09-01,120.50477
1952-10-01,119.25794
1952-11-01,110.09502
1952-12-01,117.98778
1953-01-01,127.070435
1953-02-01,121.37729
1953-03-01,126.423225
1953-04-01,112.38172
1953-05-01,117.12652
1953-06-01,112.56961
1953-07-01,126.02861
1953-08-01,113.97195
1953-09-01,113.65983
1953-10-01,109.615944
1953-11-01,110.26838
1953-12-01,120.57767
1954-01-01,121.1696
1954-02-01,114.97734
1954-03-01,125.86633
1954-04-01,121.160225
1954-05-01,117.6759
1954-06-01,118.95242
1954-07-01,119.8496
1954-08-01,131.62897
1954-09-01,123.04252
1954-10-01,120.65945
1954-11-01,110.41459
1954-12-01,125.05016
1955-01-01,127.72392
1955-02-01,122.998
1955-03-01,133.92348
1955-04-01,112.70886
1955-05-01,115.830315
1955-06-01,120.47454
1955-07-01,129.35416
1955-08-01,122.74157
1955-09-01,129.4486
1955-10-01,121.52933
1955-11-01,121.61761
1955-12-01,121.887955
1956-01-01,130.97441
1956-02-01,125.61
1956-03-01,127.25529
1956-04-01,121.636795
1956-05-01,119.58332
1956-06-01,117.38725
1956-07-01,122.11378
1956-08-01,128.87163
1956-09-01,120.16209
1956-10-01,121.549416
1956-11-01,116.58126
1956-12-01,129.23764
1957-01-01,123.371284
1957-02-01,112.24017
1957-03-01,130.1615
1957-04-01,112.509674
1957-05-01,116.8169
1957-06-01,111.73358
1957-07-01,120.94504
1957-08-01,117.455505
1957-09-01,106.99135
1957-10-01,104.83727
1957-11-01,99.42594
1957-12-01,129.45831
1958-01-01,124.313675
1958-02-01,109.73706
1958-03-01,118.95728
1958-04-01,112.4831
1958-05-01,107.72511
1958-06-01,108.240555
1958-07-01,115.92944
1958-08-01,123.20998
1958-09-01,109.546974
1958-10-01,115.15471
1958-11-01,102.88473
1958-12-01,118.9671
1959-01-01,125.2601
1959-02-01,108.052795
1959-03-01,125.70639
1959-04-01,113.474106
1959-05-01,112.640884
1959-06-01,115.57196
1959-07-01,128.05
1959-08-01,125.204346
1959-09-01,117.74353
1959-10-01,106.760475
1959-11-01,110.62322
1959-12-01,118.19888
1960-01-01,128.1479
1960-02-01,123.481415
1960-03-01,127.82342
1960-04-01,116.413155
1960-05-01,115.06887
1960-06-01,113.690674
1960-07-01,128.74124
1960-08-01,118.89822
1960-09-01,117.89421
1960-10-01,111.90136
1960-11-01,111.86177
1960-12-01,119.22812
1961-01-01,127.090004
1961-02-01,116.03844
1961-03-01,118.53886
1961-04-01,116.59584
1961-05-01,109.187126
1961-06-01,116.55002
1961-07-01,129.36215
1961-08-01,120.936554
1961-09-01,120.33337
1961-10-01,113.72178
1961-11-01,119.70244
1961-12-01,124.68106
1962-01-01,139.85582
1962-02-01,112.19258
1962-03-01,123.152176
1962-04-01,114.96882
1962-05-01,114.93279
1962-06-01,116.89452
1962-07-01,119.671906
1962-08-01,124.89564
1962-09-01,119.662254
1962-10-01,112.16205
1962-11-01,108.991104
1962-12-01,126.24219
1963-01-01,136.07542
1963-02-01,124.903656
1963-03-01,124.75582
1963-04-01,115.538345
1963-05-01,106.299095
1963-06-01,105.775085
1963-07-01,116.64332
1963-08-01,122.47236
1963-09-01,103.96183
1963-10-01,105.22397
1963-11-01,108.22878
1963-12-01,118.06029
1964-01-01,120.64579
1964-02-01,113.107895
1964-03-01,122.887215
1964-04-01,111.34126
1964-05-01,114.145584
1964-06-01,111.52236
1964-07-01,122.51249
1964-08-01,124.4462
1964-09-01,123.369484
1964-10-01,120.65889
1964-11-01,112.16401
1964-12-01,115.86292
1965-01-01,121.772385
1965-02-01,102.832146
1965-03-01,133.6025
1965-04-01,107.14157
1965-05-01,107.12983
1965-06-01,111.14964
1965-07-01,110.77442
1965-08-01,108.4589
1965-09-01,107.20355
1965-10-01,108.78064
1965-11-01,101.35842
1965-12-01,119.119995
1966-01-01,122.612785
1966-02-01,117.430595
1966-03-01,122.12448
1966-04-01,107.85327
1966-05-01,117.283066
1966-06-01,117.4968
1966-07-01,115.107834
1966-08-01,116.66161
1966-09-01,106.62822
1966-10-01,117.149826
1966-11-01,110.79685
1966-12-01,120.72964
1967-01-01,134.31337
1967-02-01,121.574486
1967-03-01,127.524864
1967-04-01,113.29339
1967-05-01,109.71795
1967-06-01,111.494675
1967-07-01,116.56383
1967-08-01,122.45792
1967-09-01,108.23105
1967-10-01,108.20751
1967-11-01,110.468475
1967-12-01,116.36547
1968-01-01,127.44577
1968-02-01,120.396065
1968-03-01,122.3127
1968-04-01,112.66974
1968-05-01,111.20018
1968-06-01,116.75928
1968-07-01,125.14258
1968-08-01,116.55776
1968-09-01,110.893974
1968-10-01,106.88821
1968-11-01,108.703285
1968-12-01,121.16201
1969-01-01,120.01698
1969-02-01,112.75019
1969-03-01,126.28436
1969-04-01,113.50125
1969-05-01,112.07209
1969-06-01,112.67207
1969-07-01,123.42127
1969-08-01,124.84005
1969-09-01,110.44117
1969-10-01,114.80899
1969-11-01,107.62327
1969-12-01,119.7202
1970-01-01,122.23329
1970-02-01,109.10204
1970-03-01,121.349846
1970-04-01,114.019844
1970-05-01,114.3716
1970-06-01,112.9723
1970-07-01,121.1575
1970-08-01,130.19865
1970-09-01,124.38814
1970-10-01,117.67359
1970-11-01,117.169785
1970-12-01,117.2554
1971-01-01,123.31448
1971-02-01,116.810425
1971-03-01,124.44993
1971-04-01,110.21254
1971-05-01,111.55602
1971-06-01,121.60188
1971-07-01,122.876564
1971-08-01,125.67316
1971-09-01,112.882774
1971-10-01,122.008446
1971-11-01,112.9788
1971-12-01,112.52741
1972-01-01,125.34016
1972-02-01,115.27664
1972-03-01,123.78547
1972-04-01,112.99605
1972-05-01,114.91039
1972-06-01,102.61671
1972-07-01,108.37872
1972-08-01,106.254265
1972-09-01,98.75145
1972-10-01,99.813774
1972-11-01,107.29753
1972-12-01,113.420074
1973-01-01,119.12639
1973-02-01,105.74016
1973-03-01,126.8438
1973-04-01,116.54812
1973-05-01,118.86469
1973-06-01,114.38579
1973-07-01,124.04228
1973-08-01,133.14992
1973-09-01,126.238304
1973-10-01,125.268616
1973-11-01,124.80409
1973-12-01,129.81883
1974-01-01,133.85046
1974-02-01,125.6517
1974-03-01,132.91074
1974-04-01,124.20302
1974-05-01,110.84877
1974-06-01,108.26951
1974-07-01,122.31894
1974-08-01,116.42612
1974-09-01,120.34187
1974-10-01,121.81216
1974-11-01,107.56178
1974-12-01,119.73821
1975-01-01,126.35898
1975-02-01,118.09504
1975-03-01,124.75265
1975-04-01,114.03586
1975-05-01,113.173485
1975-06-01,117.64609
1975-07-01,125.62015
1975-08-01,127.8958
1975-09-01,126.99487
1975-10-01,123.12572
1975-11-01,113.93288
1975-12-01,129.93565
1976-01-01,130.03442
1976-02-01,123.704926
1976-03-01,128.31142
1976-04-01,114.15314
1976-05-01,115.89937
1976-06-01,107.56389
1976-07-01,110.36863
1976-08-01,107.88094
1976-09-01,97.03286
1976-10-01,116.961975
1976-11-01,111.502754
1976-12-01,114.47862
1977-01-01,125.44266
1977-02-01,124.76446
1977-03-01,122.88205
1977-04-01,116.238144
1977-05-01,111.40133
1977-06-01,112.77689
1977-07-01,115.73984
1977-08-01,119.4316
1977-09-01,113.2635
1977-10-01,110.020905
1977-11-01,111.415855
1977-12-01,117.54305
1978-01-01,122.30632
1978-02-01,110.78016
1978-03-01,128.01036
1978-04-01,117.46085
1978-05-01,118.81577
1978-06-01,109.22173
1978-07-01,126.56102
1978-08-01,126.56832
1978-09-01,122.118195
1978-10-01,116.6682
1978-11-01,109.63703
1978-12-01,124.86252
1979-01-01,128.2911
1979-02-01,115.77446
1979-03-01,119.86631
1979-04-01,112.6661
1979-05-01,112.41154
1979-06-01,120.2791
1979-07-01,110.252884
1979-08-01,115.55843
1979-09-01,113.56851
1979-10-01,102.51784
1979-11-01,114.058266
1979-12-01,113.486595
1980-01-01,126.24716
1980-02-01,120.65867
1980-03-01,111.15425
1980-04-01,107.21884
1980-05-01,109.07084
1980-06-01,113.04315
1980-07-01,116.82683
1980-08-01,123.81701
1980-09-01,109.503944
1980-10-01,110.00924
1980-11-01,113.37827
1980-12-01,118.87906
1981-01-01,130.56134
1981-02-01,116.39648
1981-03-01,124.09146
1981-04-01,112.9774
1981-05-01,114.70567
1981-06-01,111.17347
1981-07-01,125.96949
1981-08-01,112.55213
1981-09-01,115.15011
1981-10-01,114.54448
1981-11-01,115.77397
1981-12-01,121.577065
1982-01-01,131.5283
1982-02-01,118.317566
1982-03-01,130.55473
1982-04-01,118.40732
1982-05-01,112.34384
1982-06-01,102.5591
1982-07-01,105.96922
1982-08-01,113.2083
1982-09-01,101.23761
1982-10-01,102.43668
1982-11-01,95.76288
1982-12-01,109.05084
1983-01-01,111.32438
1983-02-01,96.80728
1983-03-01,114.11535
1983-04-01,102.62604
1983-05-01,109.457924
1983-06-01,107.61498
1983-07-01,113.067276
1983-08-01,116.73947
1983-09-01,113.00142
1983-10-01,117.200714
1983-11-01,107.92084
1983-12-01,123.84351
1984-01-01,127.432686
1984-02-01,124.67893
1984-03-01,125.98212
1984-04-01,119.15006
1984-05-01,117.29797
1984-06-01,118.352745
1984-07-01,120.286644
1984-08-01,115.35358
1984-09-01,116.071655
1984-10-01,110.0266
1984-11-01,105.973724
1984-12-01,121.37101
1985-01-01,122.99642
1985-02-01,112.06272
1985-03-01,125.996994
1985-04-01,116.401955
1985-05-01,114.658356
1985-06-01,112.19259
1985-07-01,117.28986
1985-08-01,121.30204
1985-09-01,116.277664
1985-10-01,110.14591
1985-11-01,113.4725
1985-12-01,117.75651
1986-01-01,133.14172
1986-02-01,109.68295
1986-03-01,125.43244
1986-04-01,117.18057
1986-05-01,109.62696
1986-06-01,113.30561
1986-07-01,115.940414
1986-08-01,105.492256
1986-09-01,111.75586
1986-10-01,117.02795
1986-11-01,108.97777
1986-12-01,109.055145
1987-01-01,121.30587
1987-02-01,109.45887
1987-03-01,112.740685
1987-04-01,103.646416
1987-05-01,100.4082
1987-06-01,99.60427
1987-07-01,103.52828
1987-08-01,113.11555
1987-09-01,101.77401
1987-10-01,100.328735
1987-11-01,108.659935
1987-12-01,123.27583
1988-01-01,122.60923
1988-02-01,118.9927
1988-03-01,124.7839
1988-04-01,113.29054
1988-05-01,111.98804
1988-06-01,118.395996
1988-07-01,130.2898
1988-08-01,135.08044
1988-09-01,122.388695
1988-10-01,123.11832
1988-11-01,119.57619
1988-12-01,132.04994
1989-01-01,130.01509
1989-02-01,114.4804
1989-03-01,136.5508
1989-04-01,120.44618
1989-05-01,115.2875
1989-06-01,113.91671
1989-07-01,120.04716
1989-08-01,124.91594
1989-09-01,111.56437
1989-10-01,116.08428
1989-11-01,106.29672
1989-12-01,122.664825
1990-01-01,126.5967
1990-02-01,104.282616
1990-03-01,112.97875
1990-04-01,109.120186
1990-05-01,120.4715
1990-06-01,112.87248
1990-07-01,117.72561
1990-08-01,110.27189
1990-09-01,108.35938
1990-10-01,112.738464
1990-11-01,105.30497
1990-12-01,113.46925
1991-01-01,139.04749
1991-02-01,117.888084
1991-03-01,123.436005
1991-04-01,112.17475
1991-05-01,110.54966
1991-06-01,106.30654
1991-07-01,119.299644
1991-08-01,117.22461
1991-09-01,90.490486
1991-10-01,98.24448
1991-11-01,99.9427
1991-12-01,104.62202
1992-01-01,106.737114
1992-02-01,108.93013
1992-03-01,104.161514
1992-04-01,102.84924
1992-05-01,100.44587
1992-06-01,99.34365
1992-07-01,115.53548
1992-08-01,114.246925
1992-09-01,107.32258
1992-10-01,106.04886
1992-11-01,105.219345
1992-12-01,114.45517
1993-01-01,121.46476
1993-02-01,117.96309
1993-03-01,116.13378
1993-04-01,109.64766
1993-05-01,109.12961
1993-06-01,108.34535
1993-07-01,112.12662
1993-08-01,108.92571
1993-09-01,107.23628
1993-10-01,103.2727
1993-11-01,107.03932
1993-12-01,121.23933
1994-01-01,124.979256
1994-02-01,113.0592
1994-03-01,128.79907
1994-04-01,109.13609
1994-05-01,113.62085
1994-06-01,113.92606
1994-07-01,118.411896
1994-08-01,124.25471
1994-09-01,110.37614
1994-10-01,102.821724
1994-11-01,101.95728
1994-12-01,112.14096
1995-01-01,116.83902
1995-02-01,116.35773
1995-03-01,125.24781
1995-04-01,110.32542
1995-05-01,114.92514
1995-06-01,108.78475
1995-07-01,121.9024
1995-08-01,127.526596
1995-09-01,115.26742
1995-10-01,114.00388
1995-11-01,114.54842
1995-12-01,121.355865
1996-01-01,126.58437
1996-02-01,121.84139
1996-03-01,130.8423
1996-04-01,115.04346
1996-05-01,113.07512
1996-06-01,115.20246
1996-07-01,117.516235
1996-08-01,119.450584
1996-09-01,115.89729
1996-10-01,117.654076
1996-11-01,114.49965
1996-12-01,115.53528
1997-01-01,132.00824
1997-02-01,122.88553
1997-03-01,121.01431
1997-04-01,110.96414
1997-05-01,101.195465
1997-06-01,96.14035
1997-07-01,115.98812
1997-08-01,103.66067
1997-09-01,94.35283
1997-10-01,98.046906
1997-11-01,103.08579
1997-12-01,116.01188
1998-01-01,118.262764
1998-02-01,104.6008
1998-03-01,108.28014
1998-04-01,106.509926
1998-05-01,108.28489
1998-06-01,111.36496
1998-07-01,119.671425
1998-08-01,127.189316
1998-09-01,127.479004
1998-10-01,127.72046
1998-11-01,121.214935
1998-12-01,128.9294
1999-01-01,137.33458
1999-02-01,126.33538
1999-03-01,134.77853
1999-04-01,120.33145
1999-05-01,116.38957
1999-06-01,112.325325
1999-07-01,124.137535
1999-08-01,129.1623
1999-09-01,120.34046
1999-10-01,130.07182
1999-11-01,117.930466
1999-12-01,129.53139
2000-01-01,126.697754
2000-02-01,132.0463
2000-03-01,133.87787
2000-04-01,124.98181
2000-05-01,119.93732
2000-06-01,120.46756
2000-07-01,121.13554
2000-08-01,120.865364
2000-09-01,111.856
2000-10-01,120.62297
2000-11-01,119.708015
2000-12-01,130.3734
2001-01-01,128.89339
2001-02-01,121.04935
2001-03-01,134.78716
2001-04-01,112.18128
2001-05-01,114.52907
2001-06-01,118.19269
2001-07-01,114.710335
2001-08-01,110.57458
2001-09-01,109.196205
2001-10-01,113.10863
2001-11-01,110.70246
2001-12-01,120.77087
2002-01-01,121.11036
2002-02-01,114.92849
2002-03-01,118.116295
2002-04-01,110.65341
2002-05-01,114.43351
2002-06-01,111.72278
2002-07-01,106.883675
2002-08-01,114.53789
2002-09-01,106.63664
2002-10-01,100.978004
2002-11-01,102.86529
2002-12-01,112.942955
2003-01-01,122.88915
2003-02-01,112.6985
2003-03-01,121.68806
2003-04-01,108.59779
2003-05-01,109.67458
2003-06-01,114.935814
2003-07-01,119.91233
2003-08-01,116.70146
2003-09-01,114.358696
2003-10-01,110.24697
2003-11-01,102.113754
2003-12-01,122.589806
2004-01-01,128.951
2004-02-01,124.32594
2004-03-01,124.59618
2004-04-01,111.036835
2004-05-01,119.536316
2004-06-01,109.37827
2004-07-01,118.84144
2004-08-01,105.313385
2004-09-01,107.82104
2004-10-01,103.64415
2004-11-01,102.56164
2004-12-01,116.185
2005-01-01,121.52906
2005-02-01,97.386314
2005-03-01,123.25159
2005-04-01,110.96871
2005-05-01,108.8772
2005-06-01,112.31623
2005-07-01,119.61271
2005-08-01,112.79726
2005-09-01,112.01542
2005-10-01,120.79636
2005-11-01,109.6753
2005-12-01,133.66107
2006-01-01,136.31369
2006-02-01,120.136986
2006-03-01,139.38474
2006-04-01,123.438095
2006-05-01,117.68085
2006-06-01,116.48748
2006-07-01,117.98045
2006-08-01,117.1804
2006-09-01,114.316734
2006-10-01,109.98721
2006-11-01,104.4173
2006-12-01,125.24205
2007-01-01,130.72975
2007-02-01,112.685265
2007-03-01,122.52803
2007-04-01,114.005775
2007-05-01,112.18817
2007-06-01,119.82226
2007-07-01,119.846695
2007-08-01,132.31998
2007-09-01,114.672554
2007-10-01,120.722824
2007-11-01,112.00931
2007-12-01,127.30528
2008-01-01,136.11324
2008-02-01,130.51463
2008-03-01,134.88551
2008-04-01,112.143715
2008-05-01,113.24158
2008-06-01,117.06816
2008-07-01,124.590225
2008-08-01,122.3677
2008-09-01,120.11819
2008-10-01,121.18144
2008-11-01,119.52088
2008-12-01,128.09613
2009-01-01,140.4015
2009-02-01,127.8803
2009-03-01,124.349785
2009-04-01,117.35451
2009-05-01,111.14359
2009-06-01,103.98071
2009-07-01,117.91925
2009-08-01,108.87949
2009-09-01,104.44583
2009-10-01,106.56965
2009-11-01,103.34218
2009-12-01,119.86694
2010-01-01,124.93086
2010-02-01,107.36771
2010-03-01,118.38323
2010-04-01,116.53731
2010-05-01,112.04346
2010-06-01,113.840065
2010-07-01,136.19667
2010-08-01,132.52567
2010-09-01,125.05589
2010-10-01,127.241425
2010-11-01,126.526024
2010-12-01,131.16284
2011-01-01,139.07455
2011-02-01,127.01919
2011-03-01,149.20117
2011-04-01,121.00809
2011-05-01,116.19879
2011-06-01,112.090294
2011-07-01,118.26608
2011-08-01,120.333694
2011-09-01,114.60083
2011-10-01,120.54736
2011-11-01,116.890045
2011-12-01,128.00496
2012-01-01,134.28316
2012-02-01,116.037285
2012-03-01,135.85847
2012-04-01,114.895546
2012-05-01,118.317276
2012-06-01,107.01011
2012-07-01,124.363594
2012-08-01,119.57444
2012-09-01,111.71352
2012-10-01,105.46346
2012-11-01,109.79902
2012-12-01,113.560555
2013-01-01,130.84256
2013-02-01,114.805664
2013-03-01,123.05288
2013-04-01,114.96672
2013-05-01,116.10678
2013-06-01,116.89179
2013-07-01,130.95187
2013-08-01,122.645485
2013-09-01,116.77136
2013-10-01,111.53581
2013-11-01,119.45516
2013-12-01,128.77664
2014-01-01,130.64957
2014-02-01,113.74193
2014-03-01,117.69058
2014-04-01,111.34636
2014-05-01,111.67724
2014-06-01,107.905594
2014-07-01,113.31276
2014-08-01,116.62018
2014-09-01,110.29907
2014-10-01,107.09101
2014-11-01,110.03613
2014-12-01,121.53288
2015-01-01,127.60231
2015-02-01,106.56293
2015-03-01,117.8672
2015-04-01,106.489876
2015-05-01,104.32424
2015-06-01,104.939064
2015-07-01,104.955505
2015-08-01,103.51891
2015-09-01,95.295006
2015-10-01,89.47915
2015-11-01,102.926186
2015-12-01,109.40196
2016-01-01,114.15464
2016-02-01,104.79228
2016-03-01,119.14977
2016-04-01,109.29363
2016-05-01,111.28654
2016-06-01,115.36723
2016-07-01,120.29459
2016-08-01,117.437904
2016-09-01,117.37791
2016-10-01,112.546135
2016-11-01,109.08727
2016-12-01,124.48341
2017-01-01,137.88171
2017-02-01,123.98757
2017-03-01,130.02353
2017-04-01,115.07631
2017-05-01,122.5019
2017-06-01,116.98386
2017-07-01,126.61073
2017-08-01,118.55235
2017-09-01,113.57093
2017-10-01,114.289
2017-11-01,121.614815
2017-12-01,123.59688
2018-01-01,139.13329
2018-02-01,118.50242
2018-03-01,124.70928
2018-04-01,118.94107
2018-05-01,113.540535
2018-06-01,111.95147
2018-07-01,118.42668
2018-08-01,116.46784
2018-09-01,105.61713
2018-10-01,109.21423
2018-11-01,110.04081
2018-12-01,121.53994
2019-01-01,118.85055
2019-02-01,103.1988
2019-03-01,119.28881
2019-04-01,114.85368
2019-05-01,108.95901
2019-06-01,108.17596
2019-07-01,108.58249
2019-08-01,121.58998
2019-09-01,106.68837
2019-10-01,118.522064
2019-11-01,97.758896
2019-12-01,115.52187
