,tws
1901-01-01,-4.5839093936238395
1901-02-01,-7.340710940441191
1901-03-01,0.28991686564100294
1901-04-01,-3.4278721182884073
1901-05-01,-7.187600670374948
1901-06-01,-5.606516414379186
1901-07-01,-2.5452604726230286
1901-08-01,-3.5036302626878606
1901-09-01,-4.5451023317543955
1901-10-01,-7.497412704133601
1901-11-01,-8.510815151246101
1901-12-01,-2.45897647135525
1902-01-01,-6.228159266949827
1902-02-01,-4.02799116639158
1902-03-01,2.3385429084852087
1902-04-01,-2.8317331911914305
1902-05-01,-7.19920641978375
1902-06-01,-10.763611235184849
1902-07-01,-11.36848022166265
1902-08-01,-10.347766176031422
1902-09-01,-10.153420817679566
1902-10-01,-12.584804994007719
1902-11-01,-10.462643695271012
1902-12-01,-12.73458360892617
1903-01-01,-13.847631599777685
1903-02-01,-13.606278010538464
1903-03-01,-19.664411621415972
1903-04-01,-15.889399576230916
1903-05-01,-15.74273841336098
1903-06-01,-13.49446131429272
1903-07-01,-14.388479964050578
1903-08-01,-10.440563212887767
1903-09-01,-8.928650799191391
1903-10-01,-9.155293142147558
1903-11-01,-8.298434183611544
1903-12-01,-8.810816151927698
1904-01-01,-3.21204103672908
1904-02-01,-6.381665686069922
1904-03-01,-4.600559955727995
1904-04-01,-3.2949962246277815
1904-05-01,-1.8442492780869373
1904-06-01,-1.9165971320072102
1904-07-01,-2.2230035517244597
1904-08-01,-9.00720190850745
1904-09-01,-10.80909809562233
1904-10-01,-10.258134013015695
1904-11-01,-9.629292218225126
1904-12-01,-9.606898589586395
1905-01-01,-10.881647608109171
1905-02-01,-11.802865128756375
1905-03-01,-12.318799536032916
1905-04-01,-11.560510278334863
1905-05-01,-11.145289619769251
1905-06-01,-14.895942834279099
1905-07-01,-13.940835726716658
1905-08-01,-13.978467255683483
1905-09-01,-11.16583925350495
1905-10-01,-10.325170023102151
1905-11-01,-11.51522601040462
1905-12-01,-11.181028834581397
1906-01-01,-2.6171751072239213
1906-02-01,-7.692129086271156
1906-03-01,-6.551728555268283
1906-04-01,-1.3874643112148506
1906-05-01,-1.550565859729803
1906-06-01,-3.3472322036756053
1906-07-01,-3.0193958267929024
1906-08-01,0.053415151585179926
1906-09-01,-4.543589027224285
1906-10-01,-5.630222154095572
1906-11-01,-7.9053885150164245
1906-12-01,-7.48809456535042
1907-01-01,-6.744103437752889
1907-02-01,0.7172012240254683
1907-03-01,0.6939829652070342
1907-04-01,0.5739302198248011
1907-05-01,3.473157760615034
1907-06-01,0.981307883577488
1907-07-01,-0.7045310872092175
1907-08-01,-2.937941739422831
1907-09-01,-3.9324160214190362
1907-10-01,-6.178788756962387
1907-11-01,-7.352782705469344
1907-12-01,-3.375332329756511
1908-01-01,-4.538306068615066
1908-02-01,-5.162156146233018
1908-03-01,-6.628796590768321
1908-04-01,-8.90322475708
1908-05-01,-4.750603721500149
1908-06-01,-10.781596919953728
1908-07-01,-7.790620425373847
1908-08-01,-5.340301737585117
1908-09-01,-4.424167576113389
1908-10-01,-1.8093181713564086
1908-11-01,0.06699024692778056
1908-12-01,0.46234599719809205
1909-01-01,-5.41285178549893
1909-02-01,-6.256754543012153
1909-03-01,-6.461062215063434
1909-04-01,-5.100745496726749
1909-05-01,-4.099057668987915
1909-06-01,-3.4833934161100544
1909-07-01,-4.580379541157712
1909-08-01,-1.6977936947261876
1909-09-01,-1.9970701311307568
1909-10-01,-3.4144066240763373
1909-11-01,-2.924413386259307
1909-12-01,-7.324628519942708
1910-01-01,-5.486269137649787
1910-02-01,-5.685204159220927
1910-03-01,-4.140810293400602
1910-04-01,-0.05733769884154805
1910-05-01,0.12340497422008226
1910-06-01,-0.9512220384734107
1910-07-01,0.06322198890628236
1910-08-01,-0.6212874862940619
1910-09-01,-0.8944814422010217
1910-10-01,3.147455430250434
1910-11-01,0.0035765542128849783
1910-12-01,0.7235526133212477
1911-01-01,-1.7749366866032195
1911-02-01,-2.0432334333397018
1911-03-01,0.9629105144153431
1911-04-01,1.4543520148335731
1911-05-01,-0.44470426904408106
1911-06-01,-0.488290185232711
1911-07-01,-3.1692376632307737
1911-08-01,-4.452773223649121
1911-09-01,-8.51643981940083
1911-10-01,-8.099045287475404
1911-11-01,-8.353337258623183
1911-12-01,-11.935948127097886
1912-01-01,-13.889226626225158
1912-02-01,-10.408912479100254
1912-03-01,-9.498965799489495
1912-04-01,-10.508240791617164
1912-05-01,-12.075787247397857
1912-06-01,-10.183143334216147
1912-07-01,-8.78998942496188
1912-08-01,-7.4155099349912925
1912-09-01,-6.8285368544896015
1912-10-01,-9.236707555159654
1912-11-01,-7.0549439937591165
1912-12-01,-4.059277233998958
1913-01-01,-2.15752333398715
1913-02-01,-1.1335545563770566
1913-03-01,-1.3479324302428477
1913-04-01,-2.170844040435246
1913-05-01,1.8314671362169124
1913-06-01,-1.1108850645526955
1913-07-01,-4.161534399255359
1913-08-01,-7.439474084294109
1913-09-01,-8.591145533055782
1913-10-01,-8.607495146763515
1913-11-01,-8.079514947034847
1913-12-01,-11.178987063322852
1914-01-01,-7.448582660495504
1914-02-01,-6.061346095163469
1914-03-01,-11.38521500096254
1914-04-01,-13.488404350485025
1914-05-01,-12.215733864627458
1914-06-01,-11.282980147828559
1914-07-01,-13.095385166910155
1914-08-01,-13.38982684989016
1914-09-01,-12.051280753502542
1914-10-01,-14.108472694460445
1914-11-01,-11.929236286774758
1914-12-01,-10.67328103228249
1915-01-01,-11.923402303425858
1915-02-01,-17.87556520236429
1915-03-01,-22.650794086401188
1915-04-01,-22.580794147893776
1915-05-01,-22.335149995164063
1915-06-01,-19.771396453293715
1915-07-01,-19.779795857714948
1915-08-01,-18.598636241967004
1915-09-01,-17.279517324848474
1915-10-01,-16.35115116789538
1915-11-01,-17.083064946219373
1915-12-01,-16.363554375546073
1916-01-01,-13.744651493202069
1916-02-01,-13.635169036963775
1916-03-01,-13.560857189770003
1916-04-01,-11.172152633498168
1916-05-01,-12.5853628142319
1916-06-01,-7.3461969202605335
1916-07-01,-5.59037885408861
1916-08-01,-5.29625480914573
1916-09-01,-4.159522181820014
1916-10-01,-0.818930428339953
1916-11-01,0.6213246292532096
1916-12-01,6.136126412227232
1917-01-01,9.911840370904835
1917-02-01,10.009246768431689
1917-03-01,6.199861908680132
1917-04-01,5.127564098838817
1917-05-01,7.85426752805519
1917-06-01,7.173013263338957
1917-07-01,5.73747334233569
1917-08-01,6.606336239391028
1917-09-01,8.344901756055098
1917-10-01,10.658936969634212
1917-11-01,10.2399454628898
1917-12-01,10.9074597209166
1918-01-01,7.6854745825183235
1918-02-01,12.400400968140882
1918-03-01,5.937597739616101
1918-04-01,3.5008989618643405
1918-05-01,4.854865419359497
1918-06-01,5.296271017656906
1918-07-01,0.18994141188099017
1918-08-01,-0.1687876507004059
1918-09-01,-4.0811189083528845
1918-10-01,-6.557831205077234
1918-11-01,-3.685919501906139
1918-12-01,-5.494988297692838
1919-01-01,-7.76621969528336
1919-02-01,-6.72807065001846
1919-03-01,-8.624154568622902
1919-04-01,-12.150813939085713
1919-05-01,-11.178691514693849
1919-06-01,-10.502584338060434
1919-07-01,-8.318245245417753
1919-08-01,-9.846033353514924
1919-09-01,-7.400572340819704
1919-10-01,-9.362106900663028
1919-11-01,-8.751447407355425
1919-12-01,-7.792261128603271
1920-01-01,-10.665159024549709
1920-02-01,-10.221343174941078
1920-03-01,-10.693316778204794
1920-04-01,-6.632059531835878
1920-05-01,-8.033601935144796
1920-06-01,-5.419795658999882
1920-07-01,-2.5221450221548247
1920-08-01,0.24639066904637322
1920-09-01,-1.6740590986507224
1920-10-01,-2.962132248153583
1920-11-01,-4.300488112147894
1920-12-01,-1.8499684982785907
1921-01-01,-0.48013462138121266
1921-02-01,0.3450491865963232
1921-03-01,3.010432473573188
1921-04-01,5.163595686172781
1921-05-01,3.6500596596091803
1921-06-01,0.6776549952515543
1921-07-01,5.541075501436
1921-08-01,4.749390004126044
1921-09-01,2.3821935470095443
1921-10-01,3.1466568755861855
1921-11-01,7.14978975610252
1921-12-01,8.18183222145203
1922-01-01,1.550860972155381
1922-02-01,-0.456859183748245
1922-03-01,2.5489444985462195
1922-04-01,-2.1637283077521072
1922-05-01,-1.1759158451190552
1922-06-01,-0.9837015654213546
1922-07-01,-1.1858911549424465
1922-08-01,-0.675691347053979
1922-09-01,3.9214826804605796
1922-10-01,2.9833358420690366
1922-11-01,4.526039550070567
1922-12-01,7.031147183510042
1923-01-01,6.783768981687181
1923-02-01,9.364799712932951
1923-03-01,10.526574116757605
1923-04-01,14.026142793593158
1923-05-01,13.381632067053356
1923-06-01,10.293103332149139
1923-07-01,9.792012317617884
1923-08-01,7.3069611321520185
1923-09-01,4.931677239034874
1923-10-01,1.8076540416971125
1923-11-01,1.9833300269466538
1923-12-01,-2.587104036187798
1924-01-01,-1.09199729828884
1924-02-01,-6.572111064191101
1924-03-01,-0.5550532941586741
1924-04-01,-0.22016556968698564
1924-05-01,0.5162655846361348
1924-06-01,3.6180895642178195
1924-07-01,4.704099240088657
1924-08-01,5.263529234660497
1924-09-01,5.154425768383278
1924-10-01,8.222734307884405
1924-11-01,8.754453381684423
1924-12-01,9.986456224284291
1925-01-01,11.050910629615096
1925-02-01,16.590130055077125
1925-03-01,13.975791590210632
1925-04-01,12.389284065230637
1925-05-01,9.264581254111407
1925-06-01,7.370977197987641
1925-07-01,2.978316197802068
1925-08-01,4.178336331332477
1925-09-01,4.189389243784863
1925-10-01,3.709834431714309
1925-11-01,5.933033850330974
1925-12-01,0.8237055664206218
1926-01-01,3.8091021557952316
1926-02-01,3.407923438394074
1926-03-01,3.9708422913572416
1926-04-01,7.881678635224285
1926-05-01,5.356508856433298
1926-06-01,4.42985353628023
1926-07-01,2.7062500039789867
1926-08-01,3.362909794450391
1926-09-01,3.1810866277355574
1926-10-01,1.7562350108295242
1926-11-01,1.8042363619390132
1926-12-01,2.3120285991611316
1927-01-01,6.849651689245749
1927-02-01,6.048168781878404
1927-03-01,6.170617753426225
1927-04-01,6.380574211395512
1927-05-01,8.470154361447996
1927-06-01,9.738251792405276
1927-07-01,11.432077640665227
1927-08-01,10.842449526537045
1927-09-01,8.290835147800031
1927-10-01,8.924362767887379
1927-11-01,5.399654698752204
1927-12-01,3.2325999992499317
1928-01-01,4.217814219487026
1928-02-01,3.6981109580154694
1928-03-01,3.495026684883266
1928-04-01,1.810711349784825
1928-05-01,0.53525363901095
1928-06-01,-2.18651208725355
1928-07-01,-2.5599932215643144
1928-08-01,-3.2364258606641685
1928-09-01,-3.0062486821050762
1928-10-01,-2.682801429674387
1928-11-01,-5.688004316740129
1928-12-01,-2.24224801027702
1929-01-01,-2.426097375273148
1929-02-01,1.2695426430115573
1929-03-01,1.618523803014998
1929-04-01,2.942824950601488
1929-05-01,4.932186137791721
1929-06-01,4.479389715648016
1929-07-01,2.971396060293024
1929-08-01,2.5260797112614144
1929-09-01,1.8707608771506756
1929-10-01,0.8293032722228166
1929-11-01,-2.792108014589026
1929-12-01,3.751060023019075
1930-01-01,2.8844773927655516
1930-02-01,1.9645797867735084
1930-03-01,0.16261058224534863
1930-04-01,1.3474479138378024
1930-05-01,0.6420867973295159
1930-06-01,1.4025519452759592
1930-07-01,-1.9272902381897596
1930-08-01,-6.794026104542462
1930-09-01,-6.603237026724512
1930-10-01,-4.093768700427556
1930-11-01,-3.1837901039140326
1930-12-01,-4.0186180710537815
1931-01-01,-5.60034314688462
1931-02-01,-6.775490206799101
1931-03-01,-8.648105404177672
1931-04-01,-6.120491917872249
1931-05-01,-6.842520928606595
1931-06-01,-4.90911826868004
1931-07-01,-6.66638373769148
1931-08-01,-3.8137832774622953
1931-09-01,-4.200728115288706
1931-10-01,-1.382864085154054
1931-11-01,1.4004461425822161
1931-12-01,0.338417031619645
1932-01-01,-2.408633441848602
1932-02-01,-4.048923977063342
1932-03-01,-4.082277459345712
1932-04-01,-6.928253334647482
1932-05-01,-4.858827601078252
1932-06-01,-8.513608799664354
1932-07-01,-7.229937155679465
1932-08-01,-6.1082846167040685
1932-09-01,-6.877082684886777
1932-10-01,-5.981964027977153
1932-11-01,-6.464247966072955
1932-12-01,-7.7138860928295205
1933-01-01,-5.201704467249899
1933-02-01,-5.256747967839111
1933-03-01,-7.612111523770999
1933-04-01,-7.43132115084235
1933-05-01,-5.988110155193812
1933-06-01,-5.265492039402093
1933-07-01,-2.6068318616866377
1933-08-01,1.3769505006922984
1933-09-01,1.9783894553178092
1933-10-01,2.836721953586009
1933-11-01,5.539233399822521
1933-12-01,9.812730551464984
1934-01-01,7.440467590407549
1934-02-01,9.133333366213343
1934-03-01,8.963661965016549
1934-04-01,8.079578130317126
1934-05-01,3.311553940223756
1934-06-01,3.380780400031206
1934-07-01,3.9159953650871264
1934-08-01,5.633102600755229
1934-09-01,3.7531626372552407
1934-10-01,5.086885369803889
1934-11-01,4.983392462390211
1934-12-01,2.890855545573557
1935-01-01,3.2383287407313524
1935-02-01,3.7594013714529857
1935-03-01,1.7516809618240647
1935-04-01,4.08236914329154
1935-05-01,3.654755490890382
1935-06-01,7.191078962349737
1935-07-01,6.252499433485502
1935-08-01,6.00184785775884
1935-09-01,5.488788850164064
1935-10-01,3.33089874613128
1935-11-01,3.5938094778566843
1935-12-01,-1.2549922166847889
1936-01-01,-1.9316959158990485
1936-02-01,-3.4173716726196086
1936-03-01,0.531726734959902
1936-04-01,-0.19819698950147077
1936-05-01,2.1899584307837494
1936-06-01,-0.487393078079897
1936-07-01,2.3630142070405262
1936-08-01,-0.3976444981458637
1936-09-01,-0.23906864463429284
1936-10-01,-2.527278384374488
1936-11-01,-5.433356558210523
1936-12-01,-3.4746533297257605
1937-01-01,0.7298333593364503
1937-02-01,-1.6932658778938807
1937-03-01,-3.170375210971925
1937-04-01,0.4510333289088916
1937-05-01,1.9059597195922025
1937-06-01,1.9659786836057795
1937-07-01,3.7696560137753345
1937-08-01,1.6715679547019051
1937-09-01,0.30350229349747504
1937-10-01,0.7587874880890433
1937-11-01,-1.528301186842927
1937-12-01,-1.6645746786254323
1938-01-01,-0.5743647467388155
1938-02-01,-0.6081080517973867
1938-03-01,-3.678705379880911
1938-04-01,-2.621618063805627
1938-05-01,-0.5822831429343011
1938-06-01,1.3126313899218727
1938-07-01,1.796352018132943
1938-08-01,2.5096858035116685
1938-09-01,2.627318859182498
1938-10-01,1.7936163022860434
1938-11-01,2.201064174161665
1938-12-01,2.3035022205530593
1939-01-01,4.3135071240867795
1939-02-01,4.019242252546076
1939-03-01,5.333839265514679
1939-04-01,5.819587072151802
1939-05-01,3.9305225819748406
1939-06-01,1.7930105362083162
1939-07-01,1.6734269913409068
1939-08-01,1.5331822663968748
1939-09-01,3.7967058838617964
1939-10-01,2.0109140781564343
1939-11-01,3.1317211997832386
1939-12-01,-0.992918482921735
1940-01-01,-1.2280289102479733
1940-02-01,1.3303270705569434
1940-03-01,1.9463440540926946
1940-04-01,1.99959858187022
1940-05-01,1.34325506041344
1940-06-01,2.100589112571903
1940-07-01,-2.887975272715939
1940-08-01,-2.1369997893077888
1940-09-01,-4.343095623577664
1940-10-01,-4.5423216731596066
1940-11-01,-3.5628334023908135
1940-12-01,-3.346151408042407
1941-01-01,-5.832879587129534
1941-02-01,-7.11467703228836
1941-03-01,-7.214206264975647
1941-04-01,-8.16264571819515
1941-05-01,-10.1674116769102
1941-06-01,-8.8754775443047
1941-07-01,-9.08690681325125
1941-08-01,-12.726682222590975
1941-09-01,-11.174774929763233
1941-10-01,-10.459862431045613
1941-11-01,-3.863150469791765
1941-12-01,-5.9031823253483795
1942-01-01,-8.575486607168964
1942-02-01,-9.470436550674597
1942-03-01,-10.790598091952265
1942-04-01,-9.31817513139951
1942-05-01,-5.882291121807545
1942-06-01,-6.605790108260734
1942-07-01,-3.855882608530923
1942-08-01,-4.290064268041478
1942-09-01,-3.548125417324717
1942-10-01,-3.942918720460823
1942-11-01,-3.363957799999695
1942-12-01,1.1812276508012038
1943-01-01,1.4282325397518565
1943-02-01,6.884391448694755
1943-03-01,6.8269107503919
1943-04-01,4.7350375724977765
1943-05-01,2.398602979718065
1943-06-01,2.7954710589305916
1943-07-01,0.08923538529107675
1943-08-01,0.6729416734288269
1943-09-01,0.15626052557422948
1943-10-01,1.538417655969798
1943-11-01,1.6029792730323686
1943-12-01,-1.6359455669343415
1944-01-01,-3.3855568486266856
1944-02-01,-1.0183649756679192
1944-03-01,1.6579265025040975
1944-04-01,-0.6633530596449264
1944-05-01,-1.340874284695843
1944-06-01,-3.9103095105751264
1944-07-01,-2.9286876580460572
1944-08-01,-3.779936786033819
1944-09-01,-3.514254768123461
1944-10-01,-4.105365388397557
1944-11-01,-3.6429534500428926
1944-12-01,1.0066798992385257
1945-01-01,1.6521194076685954
1945-02-01,3.1009151875874608
1945-03-01,5.166148705694927
1945-04-01,2.5090089735045042
1945-05-01,4.049965867607516
1945-06-01,4.089655250340612
1945-07-01,4.231431384165127
1945-08-01,3.750548592199289
1945-09-01,4.514724416282187
1945-10-01,3.1311875349091913
1945-11-01,2.3593849074846234
1945-12-01,3.520332774666511
1946-01-01,5.210381078267942
1946-02-01,2.0614762837055784
1946-03-01,-0.20522065514057392
1946-04-01,-2.3644256314274683
1946-05-01,-1.6355525021103248
1946-06-01,-2.7894543578500977
1946-07-01,-4.410109177597031
1946-08-01,-0.9404649777034418
1946-09-01,0.11017252299820725
1946-10-01,-0.5419693873184178
1946-11-01,-2.781373566814082
1946-12-01,-0.4110500756979978
1947-01-01,-3.379020045947373
1947-02-01,-4.89474871604377
1947-03-01,0.3676426598763216
1947-04-01,3.1769918556768997
1947-05-01,2.4709835929514945
1947-06-01,-0.6288323554349643
1947-07-01,-0.05785452361389002
1947-08-01,3.774118752657386
1947-09-01,5.564802368113833
1947-10-01,4.779371393601622
1947-11-01,1.7227940637913808
1947-12-01,6.227712143793302
1948-01-01,4.103357780585309
1948-02-01,2.5617126532814836
1948-03-01,4.689323801451805
1948-04-01,6.859498128456081
1948-05-01,2.444567732412504
1948-06-01,3.2894420203944597
1948-07-01,2.6309035656713147
1948-08-01,-1.195683392695617
1948-09-01,-1.4839815562058567
1948-10-01,-0.43861406520231155
1948-11-01,-1.035021363087662
1948-12-01,0.8338936411767459
1949-01-01,0.38653730045886375
1949-02-01,2.540141422593473
1949-03-01,1.3886887924199898
1949-04-01,1.3661994258361696
1949-05-01,4.195508802598443
1949-06-01,4.587556763080401
1949-07-01,5.5897924389433
1949-08-01,3.477506302186008
1949-09-01,4.872895520453139
1949-10-01,4.514482141817418
1949-11-01,5.77651892642253
1949-12-01,4.868837762652789
1950-01-01,7.198777244077625
1950-02-01,9.670593315067348
1950-03-01,11.588382402924728
1950-04-01,12.11334829239015
1950-05-01,10.441906283004954
1950-06-01,9.951704908921656
1950-07-01,11.218757669896913
1950-08-01,12.05269892325277
1950-09-01,8.69811642560177
1950-10-01,9.497429262427069
1950-11-01,8.75266063795191
1950-12-01,10.730197462622426
1951-01-01,11.473765849137818
1951-02-01,9.743268834673163
1951-03-01,2.072233713265032
1951-04-01,4.543120177579632
1951-05-01,3.9666978422182733
1951-06-01,5.613448427934865
1951-07-01,4.556216700025578
1951-08-01,1.3482865266479662
1951-09-01,0.17649262505972657
1951-10-01,2.7277360056205584
1951-11-01,1.9207501254414905
1951-12-01,-0.920926151330187
1952-01-01,-2.32462376919713
1952-02-01,-0.9267843793550065
1952-03-01,-4.769337476064153
1952-04-01,-4.984711707741019
1952-05-01,-2.48841764159042
1952-06-01,-2.4567814606539318
1952-07-01,-3.2318133518073417
1952-08-01,-0.6002870965158145
1952-09-01,2.4451511269261816
1952-10-01,3.0275919229652777
1952-11-01,0.8871294753415835
1952-12-01,0.19776371437917717
1953-01-01,2.3318933632328203
1953-02-01,0.026867099307774714
1953-03-01,1.8330651078285065
1953-04-01,1.9598257184341892
1953-05-01,2.2340349050647155
1953-06-01,1.9715097054931472
1953-07-01,0.4931728562978562
1953-08-01,-0.47617360552288035
1953-09-01,-1.7551807067340641
1953-10-01,-1.0522837019538438
1953-11-01,-1.6724575110591593
1953-12-01,-0.10867846296357894
1954-01-01,0.015601840374594857
1954-02-01,1.089854659226913
1954-03-01,1.139615350279455
1954-04-01,1.51072632686968
1954-05-01,0.9131005317176646
1954-06-01,3.6507325170952583
1954-07-01,-0.13719120721278244
1954-08-01,2.7227248989577104
1954-09-01,3.7379086963529122
1954-10-01,4.881143274114182
1954-11-01,3.426018577733166
1954-12-01,2.9897633544932045
1955-01-01,2.1388606644671766
1955-02-01,5.998384576383606
1955-03-01,8.604097389378678
1955-04-01,8.251786150714167
1955-05-01,7.756141371791147
1955-06-01,6.720569471830449
1955-07-01,8.698754425275485
1955-08-01,8.938233314422845
1955-09-01,9.123244145934034
1955-10-01,7.050478015666256
1955-11-01,10.29228851410151
1955-12-01,8.845075404987197
1956-01-01,7.204219055587657
1956-02-01,11.632944487214038
1956-03-01,9.235538005233485
1956-04-01,9.495378520965126
1956-05-01,11.88612509115949
1956-06-01,12.89282386424561
1956-07-01,13.818119307654847
1956-08-01,14.540003353004298
1956-09-01,12.160221420645263
1956-10-01,15.92018062262962
1956-11-01,15.034286451577588
1956-12-01,14.447941467750551
1957-01-01,15.063328495801665
1957-02-01,13.588922448589463
1957-03-01,14.007330256083687
1957-04-01,13.482932346960174
1957-05-01,11.616834396380096
1957-06-01,9.930185398719876
1957-07-01,9.269402199509628
1957-08-01,5.845939080255049
1957-09-01,3.562625590834295
1957-10-01,2.0654657998200854
1957-11-01,-0.21780486432752666
1957-12-01,1.9916152110746075
1958-01-01,-0.19669673765994194
1958-02-01,0.5953077530352957
1958-03-01,-2.4116476968547116
1958-04-01,-2.8664444465650716
1958-05-01,-4.9610358525182505
1958-06-01,-5.434744011705596
1958-07-01,-6.130539330673415
1958-08-01,-2.9500975857317555
1958-09-01,-4.432603787745917
1958-10-01,-4.271497409069577
1958-11-01,-0.19001847724166893
1958-12-01,-5.3744922250499085
1959-01-01,-0.5263368372446217
1959-02-01,-5.27859190857896
1959-03-01,-4.648299631154563
1959-04-01,-4.912415051638077
1959-05-01,-4.745204155545576
1959-06-01,-5.124986465923906
1959-07-01,-3.689085169711958
1959-08-01,-2.68390264762636
1959-09-01,0.7235706954765089
1959-10-01,-2.247898930551874
1959-11-01,-0.050281529474318146
1959-12-01,-1.0888625970727819
1960-01-01,-3.4902750949213583
1960-02-01,-1.4889902335825997
1960-03-01,1.9051401775836998
1960-04-01,3.8102430211587976
1960-05-01,3.5021381503942393
1960-06-01,2.5798492367264654
1960-07-01,4.127869149567647
1960-08-01,2.5285645956989584
1960-09-01,2.889762339674029
1960-10-01,0.3287760149167431
1960-11-01,1.9785267365215882
1960-12-01,1.452952071466926
1961-01-01,1.2976664322280898
1961-02-01,2.381854091160512
1961-03-01,-2.676019662362118
1961-04-01,-4.588285108408508
1961-05-01,-6.007104445800553
1961-06-01,-3.057496426937087
1961-07-01,1.841076428336631
1961-08-01,0.088289609462022
1961-09-01,2.487548703867359
1961-10-01,0.46984537336230875
1961-11-01,6.532181220777725
1961-12-01,8.730972652054446
1962-01-01,8.793147910364759
1962-02-01,6.885098000249045
1962-03-01,4.484033344160229
1962-04-01,2.9578962575507477
1962-05-01,3.9225695702516354
1962-06-01,4.893183173681713
1962-07-01,2.988303954922343
1962-08-01,3.4617120344610814
1962-09-01,3.473447872387405
1962-10-01,4.170751620097511
1962-11-01,1.4013837789565673
1962-12-01,1.8709564802674563
1963-01-01,6.762081353981841
1963-02-01,9.313716062788927
1963-03-01,9.702874345109768
1963-04-01,8.456594365277187
1963-05-01,6.425165253385083
1963-06-01,3.0019610209314607
1963-07-01,2.1875736218774726
1963-08-01,0.350324117509389
1963-09-01,-2.618682156744931
1963-10-01,-5.513361817448906
1963-11-01,-3.65050682610473
1963-12-01,-1.5955622746569347
1964-01-01,0.7877140178648758
1964-02-01,-2.6986371921092114
1964-03-01,-2.725895472990859
1964-04-01,-2.764933005070193
1964-05-01,-1.4003720711922614
1964-06-01,0.6461925022540931
1964-07-01,2.1064258328440357
1964-08-01,4.061114957643736
1964-09-01,4.052505184065989
1964-10-01,8.293295964987898
1964-11-01,6.740533330364604
1964-12-01,6.233534431184747
1965-01-01,5.743459196133729
1965-02-01,0.24846800118698917
1965-03-01,2.36816232556404
1965-04-01,4.075980378546281
1965-05-01,1.156601339923422
1965-06-01,-0.9279547542360954
1965-07-01,-3.2086658717171206
1965-08-01,-3.698497145992427
1965-09-01,-4.038489050051287
1965-10-01,-2.392221413789831
1965-11-01,-1.599315078562791
1965-12-01,0.25059793905927236
1966-01-01,-3.147499471250486
1966-02-01,-4.392642172492513
1966-03-01,-3.9395419045690465
1966-04-01,-6.584255343501608
1966-05-01,-5.263937520796375
1966-06-01,-1.1694888295915251
1966-07-01,-4.317943736136291
1966-08-01,-2.1031367722621126
1966-09-01,-1.7271629319371276
1966-10-01,0.5373861430658115
1966-11-01,1.049639879326517
1966-12-01,-0.9236550750936403
1967-01-01,1.3512306083930448
1967-02-01,2.5898365104129173
1967-03-01,5.996012029144962
1967-04-01,5.970560749508649
1967-05-01,6.644141163704807
1967-06-01,3.369123583677879
1967-07-01,3.8062281847239694
1967-08-01,3.8474338316781576
1967-09-01,1.8896106050730037
1967-10-01,2.145524037910145
1967-11-01,0.9347488880258521
1967-12-01,1.6549328200348847
1968-01-01,2.630664459532928
1968-02-01,5.371728105008785
1968-03-01,8.130238310378044
1968-04-01,7.853890770279318
1968-05-01,10.587719684463705
1968-06-01,12.727511698127165
1968-07-01,11.596892408930032
1968-08-01,6.801947576155899
1968-09-01,6.141378230925605
1968-10-01,3.130262281177055
1968-11-01,1.7899299544472118
1968-12-01,5.821392659693482
1969-01-01,4.575701375656462
1969-02-01,1.356193575508314
1969-03-01,-2.6221322326546743
1969-04-01,-2.8387007436975096
1969-05-01,-3.949144630805817
1969-06-01,-5.500868816981259
1969-07-01,-4.444534882800896
1969-08-01,-2.3033066960209223
1969-09-01,-3.1174968042970437
1969-10-01,-1.9144930054771576
1969-11-01,-0.9594648497134624
1969-12-01,-1.6755488500463145
1970-01-01,-3.6202426468176485
1970-02-01,-2.162742573541504
1970-03-01,-4.962869385040445
1970-04-01,-6.556585541734046
1970-05-01,-4.511513274148212
1970-06-01,-4.240610494812956
1970-07-01,-3.1696701058531462
1970-08-01,-0.28852595589409724
1970-09-01,4.014712029492365
1970-10-01,2.7562954859249813
1970-11-01,2.80143182834966
1970-12-01,2.0861142736118046
1971-01-01,-2.676285948608706
1971-02-01,-0.637093354281152
1971-03-01,-0.2617715813907312
1971-04-01,1.7723410457463855
1971-05-01,3.21527776343929
1971-06-01,6.680205828731808
1971-07-01,8.024146518909937
1971-08-01,8.918370631536233
1971-09-01,7.689125964213725
1971-10-01,6.8346060676384965
1971-11-01,8.741710022962708
1971-12-01,5.811074657786562
1972-01-01,4.611327343661999
1972-02-01,5.4890687054618335
1972-03-01,6.5071090858026235
1972-04-01,5.361217372709894
1972-05-01,5.397504139305963
1972-06-01,2.1068423862468206
1972-07-01,-1.7256734272751224
1972-08-01,-4.907556533935206
1972-09-01,-5.62273886055567
1972-10-01,-7.785132475489575
1972-11-01,-3.2543083536310835
1972-12-01,-4.570425990593378
1973-01-01,-7.085468067496154
1973-02-01,-9.888995958099454
1973-03-01,-10.607338234127807
1973-04-01,-9.516341391629807
1973-05-01,-6.590303477223101
1973-06-01,-5.41270934464397
1973-07-01,-3.240878400769595
1973-08-01,1.188433337115443
1973-09-01,4.080308852374764
1973-10-01,4.2975880813032905
1973-11-01,8.87521737633981
1973-12-01,11.340872210197716
1974-01-01,15.708117463049073
1974-02-01,23.12901552607834
1974-03-01,23.38057039235633
1974-04-01,29.226621064994138
1974-05-01,24.530658226876465
1974-06-01,19.88109471125604
1974-07-01,20.680984284139235
1974-08-01,18.27629825594855
1974-09-01,19.222831628430853
1974-10-01,18.88277107918441
1974-11-01,14.430701346085046
1974-12-01,13.275341232128914
1975-01-01,13.872705257085904
1975-02-01,12.017238702202825
1975-03-01,13.86432714646382
1975-04-01,12.815009469405515
1975-05-01,10.536717069539637
1975-06-01,12.001207061281992
1975-07-01,13.855859625422992
1975-08-01,14.76652050271263
1975-09-01,20.13290034332455
1975-10-01,18.41770570259538
1975-11-01,15.90178571980114
1975-12-01,17.553925240968475
1976-01-01,17.897736468466405
1976-02-01,18.450242028628974
1976-03-01,21.013776097594576
1976-04-01,20.722026007071804
1976-05-01,19.235568663849723
1976-06-01,16.43781549466506
1976-07-01,14.000135536358762
1976-08-01,9.069174933441314
1976-09-01,5.575805076507594
1976-10-01,8.16158228552209
1976-11-01,9.791558762710077
1976-12-01,8.212494809959967
1977-01-01,5.215049194918492
1977-02-01,8.355048573758127
1977-03-01,7.710252144396289
1977-04-01,8.358999009638548
1977-05-01,9.218044916975362
1977-06-01,11.791090152893078
1977-07-01,9.190419916875308
1977-08-01,7.465432634955934
1977-09-01,4.35810520761661
1977-10-01,7.290558870288924
1977-11-01,6.672877399213361
1977-12-01,6.365370836708722
1978-01-01,10.160098042236479
1978-02-01,8.770455304873565
1978-03-01,10.473332305783353
1978-04-01,12.2115716996408
1978-05-01,13.232064361393787
1978-06-01,13.418776799971948
1978-07-01,15.548101724624834
1978-08-01,16.87666954492483
1978-09-01,16.435938805713477
1978-10-01,15.99494258093772
1978-11-01,13.79708883200955
1978-12-01,14.626273748739893
1979-01-01,9.715997057712555
1979-02-01,11.529531477289494
1979-03-01,14.653844424150094
1979-04-01,12.551278022233024
1979-05-01,12.763580106933176
1979-06-01,14.851265536728791
1979-07-01,10.641830653245272
1979-08-01,7.942426811999242
1979-09-01,9.653086143720701
1979-10-01,5.262230790478887
1979-11-01,7.707832929231126
1979-12-01,5.651539758831999
1980-01-01,8.12745887876715
1980-02-01,7.2263500192725605
1980-03-01,5.510722670234613
1980-04-01,1.4515866665869686
1980-05-01,-0.1306112483618289
1980-06-01,0.46948886654241984
1980-07-01,1.2707093959103772
1980-08-01,3.1399688921045636
1980-09-01,3.3477865730815934
1980-10-01,3.6204113964684486
1980-11-01,3.9866679543476997
1980-12-01,4.593414570164412
1981-01-01,5.453967403025347
1981-02-01,8.776707315628625
1981-03-01,7.191892101509038
1981-04-01,7.3343147071637755
1981-05-01,8.73784093581533
1981-06-01,8.181555595533071
1981-07-01,9.768713957025415
1981-08-01,6.32692307514088
1981-09-01,8.77230910259588
1981-10-01,6.597313720935805
1981-11-01,6.620728802672636
1981-12-01,5.901708705531704
1982-01-01,5.778365635612008
1982-02-01,8.539298989303676
1982-03-01,10.88932100983148
1982-04-01,11.098621664195877
1982-05-01,12.47522536710997
1982-06-01,8.191578729414449
1982-07-01,1.0876941886050666
1982-08-01,1.5062368853838033
1982-09-01,-2.254423657451235
1982-10-01,0.8205370340091492
1982-11-01,-0.19624890537549927
1982-12-01,-1.8802305758990523
1983-01-01,-5.815527792500291
1983-02-01,-8.857354832486946
1983-03-01,-12.394581550186892
1983-04-01,-10.609284041401647
1983-05-01,-9.518516051509794
1983-06-01,-10.906368058227061
1983-07-01,-13.292544610757739
1983-08-01,-10.455165263647269
1983-09-01,-9.127865585568108
1983-10-01,-6.369257250752398
1983-11-01,-3.4015568572387647
1983-12-01,-0.12632415371817832
1984-01-01,3.263338921903067
1984-02-01,4.0735615298692345
1984-03-01,3.7992161023038626
1984-04-01,3.529087038789271
1984-05-01,3.7782735890078887
1984-06-01,5.1917834375399945
1984-07-01,3.917175484122152
1984-08-01,2.1221490091397968
1984-09-01,4.97064393078446
1984-10-01,5.163841343892777
1984-11-01,5.066320356041791
1984-12-01,6.326054315624456
1985-01-01,4.742087096123535
1985-02-01,5.877181442591666
1985-03-01,4.305145740947834
1985-04-01,8.86860136253732
1985-05-01,11.209771805827764
1985-06-01,11.299072768664079
1985-07-01,13.08155183270154
1985-08-01,14.751298253712095
1985-09-01,14.528252868576978
1985-10-01,12.357943452928994
1985-11-01,12.888836125039672
1985-12-01,13.930839557500153
1986-01-01,15.841759062834432
1986-02-01,13.67003745162398
1986-03-01,13.66039747047848
1986-04-01,10.102085301163434
1986-05-01,7.279272793389906
1986-06-01,9.363772763423354
1986-07-01,11.39409533972425
1986-08-01,7.508495797712379
1986-09-01,7.286345853526794
1986-10-01,11.856411175826056
1986-11-01,12.87481087725527
1986-12-01,8.194874332841888
1987-01-01,5.606802002747807
1987-02-01,4.268350973375288
1987-03-01,-0.2703927325116394
1987-04-01,-5.704557993213779
1987-05-01,-7.069067261634699
1987-06-01,-7.948201492003204
1987-07-01,-12.81891361172501
1987-08-01,-12.091470122996359
1987-09-01,-12.39951996839069
1987-10-01,-10.74600931492202
1987-11-01,-10.446324118337634
1987-12-01,-9.235555404578124
1988-01-01,-9.552208227107212
1988-02-01,-8.55942244056481
1988-03-01,-8.958869329243184
1988-04-01,-6.959194527422717
1988-05-01,-5.093292766356086
1988-06-01,-2.003499013208163
1988-07-01,2.592717567776826
1988-08-01,6.139041279822682
1988-09-01,8.61276450522529
1988-10-01,7.2084368825628315
1988-11-01,6.62336995109033
1988-12-01,10.117299773385897
1989-01-01,11.5466157523799
1989-02-01,11.184033396881171
1989-03-01,13.865105190736264
1989-04-01,16.998012277863648
1989-05-01,17.195047375786796
1989-06-01,16.560439721549862
1989-07-01,17.206190118816696
1989-08-01,15.202171578005329
1989-09-01,11.023726556802083
1989-10-01,12.005595354338164
1989-11-01,9.405250816162411
1989-12-01,10.098928072406174
1990-01-01,12.938130351464352
1990-02-01,6.722748894617392
1990-03-01,2.9081488318953244
1990-04-01,0.9630084296324992
1990-05-01,2.9204760117127515
1990-06-01,3.177750896398159
1990-07-01,3.806518531098384
1990-08-01,2.5364345539607824
1990-09-01,-0.013732289204664135
1990-10-01,-0.10331593070547662
1990-11-01,-3.8425939269738643
1990-12-01,-4.535103902559319
1991-01-01,-0.4072433617988358
1991-02-01,1.4380696542863507
1991-03-01,-1.8302736251645098
1991-04-01,0.5223576592453479
1991-05-01,0.635660751703427
1991-06-01,-0.1321176989271926
1991-07-01,1.5121647504261546
1991-08-01,1.81868858874949
1991-09-01,-2.8469405568932995
1991-10-01,-3.791450221184875
1991-11-01,-3.7352329483516997
1991-12-01,-7.589118442394006
1992-01-01,-12.783174718358282
1992-02-01,-9.920941001368703
1992-03-01,-11.947367956862074
1992-04-01,-11.654501460418736
1992-05-01,-15.366729990626148
1992-06-01,-17.9113164483702
1992-07-01,-16.355105208306753
1992-08-01,-11.614994641829583
1992-09-01,-7.563786333160075
1992-10-01,-5.029497707083229
1992-11-01,-4.682619372199778
1992-12-01,-0.9102484057226877
1993-01-01,-2.421092469170463
1993-02-01,1.332154092813968
1993-03-01,0.13144099254200556
1993-04-01,-2.776137655351141
1993-05-01,-3.3064886997146488
1993-06-01,-4.496796719636401
1993-07-01,-5.221852960870604
1993-08-01,-7.560275269309542
1993-09-01,-4.141484744400059
1993-10-01,-4.7365614907352755
1993-11-01,-3.940758260099201
1993-12-01,-3.807452304646315
1994-01-01,-3.276317730760241
1994-02-01,-2.219409454716488
1994-03-01,-0.8586652129081913
1994-04-01,-1.6288028506261854
1994-05-01,-1.4489079056579282
1994-06-01,-0.0015942911489222682
1994-07-01,2.6145010565213576
1994-08-01,3.525422572072114
1994-09-01,3.753971952023486
1994-10-01,3.1234220444420755
1994-11-01,0.5213196025295302
1994-12-01,0.3506539093033364
1995-01-01,-4.971341350759908
1995-02-01,-5.283909065306425
1995-03-01,-3.3440768669367213
1995-04-01,-4.1245774224082865
1995-05-01,-2.7232757054391437
1995-06-01,-1.993554056120515
1995-07-01,-1.436407121340406
1995-08-01,0.5517245886028501
1995-09-01,-2.4045184413447793
1995-10-01,-3.5340482934068094
1995-11-01,-2.446225803771072
1995-12-01,-1.4605241346590796
1996-01-01,-1.0359043376284691
1996-02-01,-1.2469662280195248
1996-03-01,-0.7970053935694796
1996-04-01,-0.5180213483622866
1996-05-01,0.9886260774014435
1996-06-01,4.350702700653878
1996-07-01,2.5833994069988386
1996-08-01,2.8317758109646136
1996-09-01,4.521192200041005
1996-10-01,6.053174449638079
1996-11-01,3.6979647646687455
1996-12-01,2.7905638192440416
1997-01-01,3.118706852770715
1997-02-01,10.45363532176174
1997-03-01,7.663161184822199
1997-04-01,10.898195104980811
1997-05-01,9.105669549690756
1997-06-01,1.77456331634286
1997-07-01,-0.46570614653724585
1997-08-01,-5.984996373214641
1997-09-01,-10.641761319385497
1997-10-01,-11.24142550318885
1997-11-01,-8.928234042019469
1997-12-01,-6.559598345619295
1998-01-01,-7.987323910226596
1998-02-01,-12.344177799152314
1998-03-01,-16.70971735627628
1998-04-01,-18.15179755674795
1998-05-01,-17.380537502643772
1998-06-01,-15.764371714915065
1998-07-01,-12.681927463540823
1998-08-01,-10.13005561193943
1998-09-01,-5.641116169921509
1998-10-01,-4.3736369759243825
1998-11-01,-0.5616438351992246
1998-12-01,-0.950886023180001
1999-01-01,1.962551375465
1999-02-01,1.1812455374229411
1999-03-01,2.7672023568674113
1999-04-01,5.023675630089603
1999-05-01,7.038489597731804
1999-06-01,5.201576216472491
1999-07-01,5.619899477275333
1999-08-01,8.04416758052056
1999-09-01,8.795384843580973
1999-10-01,13.189744230123738
1999-11-01,10.895892590235352
1999-12-01,10.423234758303797
2000-01-01,9.384966322799452
2000-02-01,11.25367798965847
2000-03-01,17.667306039765123
2000-04-01,18.380511180689723
2000-05-01,18.21232698768396
2000-06-01,18.997584082939227
2000-07-01,15.193697508649183
2000-08-01,14.30364541154008
2000-09-01,10.354531278481387
2000-10-01,11.821192774992966
2000-11-01,10.854653440431177
2000-12-01,12.834358004559048
2001-01-01,10.672511229791072
2001-02-01,8.501994403161406
2001-03-01,9.248844866533297
2001-04-01,7.51731176925307
2001-05-01,2.172018374213842
2001-06-01,4.076198148239598
2001-07-01,2.626890363065442
2001-08-01,0.20002125230150983
2001-09-01,-1.4448241816323482
2001-10-01,-2.7678824022383104
2001-11-01,-0.8148218605485225
2001-12-01,-3.1572518265475327
2002-01-01,-3.4180128588102856
2002-02-01,-3.0093728231711463
2002-03-01,-5.721662885570777
2002-04-01,-8.826567177835974
2002-05-01,-10.173136653727754
2002-06-01,-7.8182616986059426
2002-07-01,-11.0649000765889
2002-08-01,-11.092541200719861
2002-09-01,-10.944997010620247
2002-10-01,-13.551316916351844
2002-11-01,-11.572016038466545
2002-12-01,-15.69938834395559
2003-01-01,-15.60553845188723
2003-02-01,-16.302878631575545
2003-03-01,-15.243852553189676
2003-04-01,-15.157471552691474
2003-05-01,-15.32786018090145
2003-06-01,-12.741644431938406
2003-07-01,-9.872551548329225
2003-08-01,-9.087026548727566
2003-09-01,-6.473899305361148
2003-10-01,-6.81658623510803
2003-11-01,-10.829569667096704
2003-12-01,-13.513647969908238
2004-01-01,-12.318559071189895
2004-02-01,-6.327661031929905
2004-03-01,-4.773791994245429
2004-04-01,-6.413608633863623
2004-05-01,-4.574305289573104
2004-06-01,-2.24860952781065
2004-07-01,-4.434768546743908
2004-08-01,-4.5355055295514655
2004-09-01,-5.969606050404431
2004-10-01,-8.698639121496837
2004-11-01,-10.320754396718623
2004-12-01,-12.455737337878684
2005-01-01,-13.56217545977477
2005-02-01,-17.136010202309883
2005-03-01,-17.91216984876725
2005-04-01,-18.104481650395286
2005-05-01,-17.376528857740865
2005-06-01,-18.00696949254343
2005-07-01,-14.989102672903481
2005-08-01,-16.001975903295314
2005-09-01,-15.7172708048679
2005-10-01,-11.82522097312817
2005-11-01,-12.718279571063581
2005-12-01,-8.005168527581692
2006-01-01,-3.043194258145344
2006-02-01,-4.3325942293960065
2006-03-01,-2.579654456492751
2006-04-01,4.689541302009505
2006-05-01,6.848757158447066
2006-06-01,5.91752351086321
2006-07-01,1.137246713401699
2006-08-01,0.040920908972071214
2006-09-01,-2.0057331582856537
2006-10-01,-3.7924133714251833
2006-11-01,-0.8646161793663223
2006-12-01,0.39244562650903675
2007-01-01,0.7541215675897135
2007-02-01,-2.83953702122655
2007-03-01,-3.894341576402632
2007-04-01,-5.721385715123522
2007-05-01,-5.861332347668702
2007-06-01,-4.7743729216959
2007-07-01,-4.41502498851558
2007-08-01,-0.04024728768962419
2007-09-01,1.240327081699836
2007-10-01,-0.5089508450140073
2007-11-01,-1.3382277239817415
2007-12-01,-1.8666766101561174
2008-01-01,1.6073417764284745
2008-02-01,6.7522425789705585
2008-03-01,8.383243619355024
2008-04-01,6.224313074596708
2008-05-01,4.065757966315451
2008-06-01,5.093582965603449
2008-07-01,5.06908083020443
2008-08-01,3.7944275308448194
2008-09-01,2.7802395821461348
2008-10-01,2.4533489451260793
2008-11-01,2.1352113327622986
2008-12-01,5.210820283833354
2009-01-01,8.566170120554132
2009-02-01,13.72423297977897
2009-03-01,10.768848867825808
2009-04-01,9.533520544602474
2009-05-01,6.764345551373888
2009-06-01,4.502128685801146
2009-07-01,2.741883255780114
2009-08-01,-2.7895513524875772
2009-09-01,-6.4642863557198975
2009-10-01,-6.66348254946432
2009-11-01,-6.295717086955096
2009-12-01,-8.03413748760864
2010-01-01,-4.8369299510926504
2010-02-01,-10.034437963394423
2010-03-01,-13.283678663278758
2010-04-01,-10.823927798398401
2010-05-01,-9.370042951038286
2010-06-01,-8.448273750476641
2010-07-01,-4.318913290327187
2010-08-01,0.14966499068709882
2010-09-01,2.2601057782786653
2010-10-01,1.17178571548515
2010-11-01,4.236070755036843
2010-12-01,5.666096430475223
2011-01-01,9.010416487776066
2011-02-01,11.631273530414449
2011-03-01,20.020398565179562
2011-04-01,22.145805166928763
2011-05-01,18.666787705485568
2011-06-01,12.391041885333323
2011-07-01,8.457035191349366
2011-08-01,3.6241024865640488
2011-09-01,4.591191654844985
2011-10-01,7.295812668820413
2011-11-01,9.032107505894531
2011-12-01,9.990118657394804
2012-01-01,9.255734919328482
2012-02-01,8.271839886874556
2012-03-01,8.445336370040723
2012-04-01,4.210672067628441
2012-05-01,3.721048404632513
2012-06-01,-0.5800337710818054
2012-07-01,0.22916020373126794
2012-08-01,-0.2912801260676916
2012-09-01,-2.3545015934683997
2012-10-01,-5.6375873249572495
2012-11-01,-7.981377408203051
2012-12-01,-8.233411359164434
2013-01-01,-8.628108529121771
2013-02-01,-7.728113670480078
2013-03-01,-10.439641710208916
2013-04-01,-8.878521401029113
2013-05-01,-7.0714265979575295
2013-06-01,-6.072796813517366
2013-07-01,-3.165714580941373
2013-08-01,-1.113862804968982
2013-09-01,-0.5669142427639022
2013-10-01,-2.008756801345447
2013-11-01,0.5897092544250561
2013-12-01,2.9067433849536384
2014-01-01,1.9248446920858147
2014-02-01,1.3921013379136369
2014-03-01,0.7304377487783136
2014-04-01,-0.40559554881623905
2014-05-01,-0.002322076248610103
2014-06-01,-3.5035442735342817
2014-07-01,-5.874532374058979
2014-08-01,-4.678833310605374
2014-09-01,-4.348109335004639
2014-10-01,-7.188473212766423
2014-11-01,-6.229418916267777
2014-12-01,-4.913369622258112
2015-01-01,-7.728365312913432
2015-02-01,-11.892995166785928
2015-03-01,-13.612863211918931
2015-04-01,-12.724483164153682
2015-05-01,-11.10177249617528
2015-06-01,-11.86168858990512
2015-07-01,-16.93409323850215
2015-08-01,-19.46747222457566
2015-09-01,-25.681401036382915
2015-10-01,-30.528335983990385
2015-11-01,-27.31891329841971
2015-12-01,-31.677415275260703
2016-01-01,-34.66221744150058
2016-02-01,-32.4817092461652
2016-03-01,-32.9320596944375
2016-04-01,-31.354087387965485
2016-05-01,-28.90500693974794
2016-06-01,-25.88096108255657
2016-07-01,-21.041616423062592
2016-08-01,-19.921920063893776
2016-09-01,-16.460746422542844
2016-10-01,-13.422620214005633
2016-11-01,-17.19459123866115
2016-12-01,-15.206309590088695
2017-01-01,-8.515580802690403
2017-02-01,-2.3774644029352245
2017-03-01,1.4891129857844252
2017-04-01,0.31525813472420766
2017-05-01,-1.1979388303393754
2017-06-01,-2.7844668853202577
2017-07-01,-2.3076777390922216
2017-08-01,-8.716290642435753
2017-09-01,-10.981024908063302
2017-10-01,-9.068055141998732
2017-11-01,-8.1375090058888
2017-12-01,-9.74687071147118
2018-01-01,-7.572182269028146
2018-02-01,-6.605944979551682
2018-03-01,-6.122552642506813
2018-04-01,-1.6816039581341746
2018-05-01,1.017586335823611
2018-06-01,0.5358225386155459
2018-07-01,-0.7777756083375179
2018-08-01,-0.945477822052454
2018-09-01,-0.18183855502912444
2018-10-01,-4.102434812014532
2018-11-01,-5.923305129947779
2018-12-01,-2.8921663644256665
2019-01-01,-8.43145121660511
2019-02-01,-13.009787842931278
2019-03-01,-19.563958675095645
2019-04-01,-21.90534081042097
2019-05-01,-19.85251005759142
2019-06-01,-15.283712978296117
2019-07-01,-18.039333077058643
